[
    {
        
        "nome":"Paulo",
        "idade":"37",
        "email":"marketpro85@gmail.com"
    },
    {
        "nome":"André",
        "idade":"26",
        "email":"andrecatimba@ibest.com"
    },
    {
        "nome":"Donini",
        "idade":"47",
        "email":"1903fbpa@gmail.com"
    },
    {
        "nome":"Rocha",
        "idade":"33",
        "email":"rochafirme@ig.com.br"
    },
    {
        "nome":"Rúbia",
        "idade":"13",
        "email":"rubia@gmail.com"
    }
]

