{"_type":"export","__export_format":4,"__export_date":"2023-05-30T11:51:53.177Z","__export_source":"insomnia.desktop.app:v2023.2.2","resources":[{"_id":"req_0e00d03562cd409083a33e0d2bd31ea3","parentId":"wrk_0a14a16e407a46b9b60a04a6894dcde8","modified":1685447280112,"created":1685132352876,"url":"{{ _.base_url }}/produto","name":"Produto - Leitura","description":"","method":"GET","body":{},"parameters":[],"headers":[],"authentication":{},"metaSortKey":-1685131883461.5,"isPrivate":false,"settingStoreCookies":true,"settingSendCookies":true,"settingDisableRenderRequestBody":false,"settingEncodeUrl":true,"settingRebuildPath":true,"settingFollowRedirects":"global","_type":"request"},{"_id":"wrk_0a14a16e407a46b9b60a04a6894dcde8","parentId":null,"modified":1685131528660,"created":1685131528660,"name":"Estoque","description":"","scope":"collection","_type":"workspace"},{"_id":"req_f254c74f163f473981cd4ef59cc68ba4","parentId":"wrk_0a14a16e407a46b9b60a04a6894dcde8","modified":1685447296286,"created":1685132350859,"url":"{{ _.base_url }}/produto","name":"Produto - Atualização ","description":"","method":"PUT","body":{"mimeType":"application/json","text":"{\n\t\"barra\": 56556,\n  \"nome\": \"Novo Nome\",\n  \"quantidade\": 10,\n  \"fornecedor\": \"Novo Fornecedor\",\n  \"datavalidade\": \"2023-06-30\"\n}"},"parameters":[],"headers":[{"name":"Content-Type","value":"application/json"}],"authentication":{},"metaSortKey":-1685124883177.1875,"isPrivate":false,"settingStoreCookies":true,"settingSendCookies":true,"settingDisableRenderRequestBody":false,"settingEncodeUrl":true,"settingRebuildPath":true,"settingFollowRedirects":"global","_type":"request"},{"_id":"req_3c548422b41340a68e5666bf671bf589","parentId":"wrk_0a14a16e407a46b9b60a04a6894dcde8","modified":1685447288206,"created":1685131533669,"url":"{{ _.base_url }}/produto","name":"Produto - Criação","description":"","method":"POST","body":{"mimeType":"application/json","text":"{\n\t\"barras\": \"8\",\n  \"nome\": \"Link\",\n  \"quantidade\": 11,\n  \"fornecedorId\": \"Hyrule Enterprises\",\n  \"datavalidade\": \"2023-06-30\"\n}"},"parameters":[],"headers":[{"name":"Content-Type","value":"application/json"}],"authentication":{},"metaSortKey":-1685117882892.875,"isPrivate":false,"settingStoreCookies":true,"settingSendCookies":true,"settingDisableRenderRequestBody":false,"settingEncodeUrl":true,"settingRebuildPath":true,"settingFollowRedirects":"global","_type":"request"},{"_id":"req_b480fe75c53c473dbb0d07e9dc174266","parentId":"wrk_0a14a16e407a46b9b60a04a6894dcde8","modified":1685447284471,"created":1685132233254,"url":"{{ _.base_url }}/produto","name":"Produto - Exterminate","description":"","method":"DELETE","body":{},"parameters":[],"headers":[],"authentication":{},"metaSortKey":-1685103882324.25,"isPrivate":false,"settingStoreCookies":true,"settingSendCookies":true,"settingDisableRenderRequestBody":false,"settingEncodeUrl":true,"settingRebuildPath":true,"settingFollowRedirects":"global","_type":"request"},{"_id":"req_89936a470170411f88a18cb77f4f6456","parentId":"wrk_0a14a16e407a46b9b60a04a6894dcde8","modified":1685447090643,"created":1685137077487,"url":"{{ _.base_url }}/cliente","name":"Cliente - Leitura","description":"","method":"GET","body":{},"parameters":[],"headers":[],"authentication":{},"metaSortKey":-1685048054921,"isPrivate":false,"settingStoreCookies":true,"settingSendCookies":true,"settingDisableRenderRequestBody":false,"settingEncodeUrl":true,"settingRebuildPath":true,"settingFollowRedirects":"global","_type":"request"},{"_id":"req_a3fe2af2ce91419bb81f8c666321159d","parentId":"wrk_0a14a16e407a46b9b60a04a6894dcde8","modified":1685447379435,"created":1685447052352,"url":"{{ _.base_url }}/cliente","name":"Cliente - Att","description":"","method":"PUT","body":{},"parameters":[],"headers":[],"authentication":{},"metaSortKey":-1685048054908.5,"isPrivate":false,"settingStoreCookies":true,"settingSendCookies":true,"settingDisableRenderRequestBody":false,"settingEncodeUrl":true,"settingRebuildPath":true,"settingFollowRedirects":"global","_type":"request"},{"_id":"req_e82a7a18fb90470aa5328b6c58c16ac4","parentId":"wrk_0a14a16e407a46b9b60a04a6894dcde8","modified":1685447211000,"created":1685136882205,"url":"{{ _.base_url }}/cliente","name":"Criação - Cliente","description":"","method":"POST","body":{"mimeType":"application/json","text":"{\n\t\"cpf\": 20,\n  \"nome\": \"Link\",\n  \"endereco\": \"Hyrule, 10\",\n  \"telefone\": \"16565\"\n  \n}"},"parameters":[],"headers":[{"name":"Content-Type","value":"application/json"}],"authentication":{},"metaSortKey":-1685048054896,"isPrivate":false,"settingStoreCookies":true,"settingSendCookies":true,"settingDisableRenderRequestBody":false,"settingEncodeUrl":true,"settingRebuildPath":true,"settingFollowRedirects":"global","_type":"request"},{"_id":"req_0d12b25e45c9454e8bc484825d978d74","parentId":"wrk_0a14a16e407a46b9b60a04a6894dcde8","modified":1685447139799,"created":1685137874607,"url":"{{ _.base_url }}/cliente","name":"Cliente - Exterminate","description":"","method":"DELETE","body":{},"parameters":[],"headers":[],"authentication":{},"metaSortKey":-1685048054846,"isPrivate":false,"settingStoreCookies":true,"settingSendCookies":true,"settingDisableRenderRequestBody":false,"settingEncodeUrl":true,"settingRebuildPath":true,"settingFollowRedirects":"global","_type":"request"},{"_id":"req_e9cb3aa61b434002b614ed20a6c561ff","parentId":"wrk_0a14a16e407a46b9b60a04a6894dcde8","modified":1685447321205,"created":1685447012335,"url":"{{ _.base_url }}/encomenda","name":"Encomenda - Leitura","description":"","method":"GET","body":{},"parameters":[],"headers":[],"authentication":{},"metaSortKey":-1685048054796,"isPrivate":false,"settingStoreCookies":true,"settingSendCookies":true,"settingDisableRenderRequestBody":false,"settingEncodeUrl":true,"settingRebuildPath":true,"settingFollowRedirects":"global","_type":"request"},{"_id":"req_9b114aaee3b244078dd534a7f4236530","parentId":"wrk_0a14a16e407a46b9b60a04a6894dcde8","modified":1685447342382,"created":1685447331816,"url":"{{ _.base_url }}/encomenda","name":"Encomenda - Atualização ","description":"","method":"PUT","body":{"mimeType":"application/json","text":"{\n\n}"},"parameters":[],"headers":[{"name":"Content-Type","value":"application/json"}],"authentication":{},"metaSortKey":-1685048054746,"isPrivate":false,"settingStoreCookies":true,"settingSendCookies":true,"settingDisableRenderRequestBody":false,"settingEncodeUrl":true,"settingRebuildPath":true,"settingFollowRedirects":"global","_type":"request"},{"_id":"req_fbff1885299a4befbf2500d03ea534f1","parentId":"wrk_0a14a16e407a46b9b60a04a6894dcde8","modified":1685447412170,"created":1685447389368,"url":"{{ _.base_url }}/encomenda","name":"Encomenda - Cliente","description":"","method":"POST","body":{"mimeType":"application/json","text":"{\n\n}"},"parameters":[],"headers":[{"name":"Content-Type","value":"application/json"}],"authentication":{},"metaSortKey":-1685048054696,"isPrivate":false,"settingStoreCookies":true,"settingSendCookies":true,"settingDisableRenderRequestBody":false,"settingEncodeUrl":true,"settingRebuildPath":true,"settingFollowRedirects":"global","_type":"request"},{"_id":"req_24196a25d41c4b8fb4fd958119630433","parentId":"wrk_0a14a16e407a46b9b60a04a6894dcde8","modified":1685447406904,"created":1685447398704,"url":"{{ _.base_url }}/encomenda","name":"Encomenda - Exterminate","description":"","method":"DELETE","body":{},"parameters":[],"headers":[],"authentication":{},"metaSortKey":-1685048054646,"isPrivate":false,"settingStoreCookies":true,"settingSendCookies":true,"settingDisableRenderRequestBody":false,"settingEncodeUrl":true,"settingRebuildPath":true,"settingFollowRedirects":"global","_type":"request"},{"_id":"req_3102146c9bed4b08a62fe114c893c103","parentId":"wrk_0a14a16e407a46b9b60a04a6894dcde8","modified":1685447454220,"created":1685447448495,"url":"{{ _.base_url }}/fornecedor","name":"Fornecedor - Leitura","description":"","method":"GET","body":{},"parameters":[],"headers":[],"authentication":{},"metaSortKey":-1685048054596,"isPrivate":false,"settingStoreCookies":true,"settingSendCookies":true,"settingDisableRenderRequestBody":false,"settingEncodeUrl":true,"settingRebuildPath":true,"settingFollowRedirects":"global","_type":"request"},{"_id":"req_79f738406ff24e18865fcce69a3ab98d","parentId":"wrk_0a14a16e407a46b9b60a04a6894dcde8","modified":1685447492524,"created":1685447460969,"url":"{{ _.base_url }}/fornecedor","name":"Fornecedor - Atualização ","description":"","method":"PUT","body":{"mimeType":"application/json","text":"{\n\n}"},"parameters":[],"headers":[{"name":"Content-Type","value":"application/json"}],"authentication":{},"metaSortKey":-1685048054546,"isPrivate":false,"settingStoreCookies":true,"settingSendCookies":true,"settingDisableRenderRequestBody":false,"settingEncodeUrl":true,"settingRebuildPath":true,"settingFollowRedirects":"global","_type":"request"},{"_id":"req_4bb2446c4fd5426eace07f92d1f11534","parentId":"wrk_0a14a16e407a46b9b60a04a6894dcde8","modified":1685447490488,"created":1685447469520,"url":"{{ _.base_url }}/fornecedor","name":"Fornecedor - Cliente","description":"","method":"POST","body":{"mimeType":"application/json","text":"{\n\n}"},"parameters":[],"headers":[{"name":"Content-Type","value":"application/json"}],"authentication":{},"metaSortKey":-1685048054496,"isPrivate":false,"settingStoreCookies":true,"settingSendCookies":true,"settingDisableRenderRequestBody":false,"settingEncodeUrl":true,"settingRebuildPath":true,"settingFollowRedirects":"global","_type":"request"},{"_id":"req_0c798d2829834a35b5475d0414b58291","parentId":"wrk_0a14a16e407a46b9b60a04a6894dcde8","modified":1685447487437,"created":1685447476713,"url":"{{ _.base_url }}/fornecedor","name":"Fornecedor- Exterminate","description":"","method":"DELETE","body":{},"parameters":[],"headers":[],"authentication":{},"metaSortKey":-1685048054446,"isPrivate":false,"settingStoreCookies":true,"settingSendCookies":true,"settingDisableRenderRequestBody":false,"settingEncodeUrl":true,"settingRebuildPath":true,"settingFollowRedirects":"global","_type":"request"},{"_id":"env_ce9af81f8bc3c1b4838892c823ca53fc03075e7f","parentId":"wrk_0a14a16e407a46b9b60a04a6894dcde8","modified":1685131688738,"created":1685131528678,"name":"Base Environment","data":{"base_url":"http://localhost:8080/api"},"dataPropertyOrder":{"&":["base_url"]},"color":null,"isPrivate":false,"metaSortKey":1685131528678,"_type":"environment"},{"_id":"jar_ce9af81f8bc3c1b4838892c823ca53fc03075e7f","parentId":"wrk_0a14a16e407a46b9b60a04a6894dcde8","modified":1685131528682,"created":1685131528682,"name":"Default Jar","cookies":[],"_type":"cookie_jar"},{"_id":"spc_d5ca19d5569c4286a7a12b5f5d81ce40","parentId":"wrk_0a14a16e407a46b9b60a04a6894dcde8","modified":1685131528663,"created":1685131528663,"fileName":"Estoque","contents":"","contentType":"yaml","_type":"api_spec"}]}